iso,date,win1,win1_pric,win2,win2_pric,win3,win3_pric,win4,win4_pric,win5,win5_pric,c1,c2,c3,c4,c5,c6,cb
1139,2024.09.28,13,"2,167,490,972원",75,"62,616,406원",3240,"1,449,454원",163236,"50,000원",2645260,"5,000원",5,12,15,30,37,40,18
1138,2024.09.21,14,"1,902,656,786원",50,"88,790,650원",2865,"1,549,576원",145690,"50,000원",2404999,"5,000원",14,16,19,20,29,34,35
1137,2024.09.14,14,"2,023,447,688원",111,"42,534,937원",3323,"1,420,818원",163296,"50,000원",2737836,"5,000원",4,9,12,15,33,45,26
1136,2024.09.07,12,"2,314,468,157원",75,"61,719,151원",2906,"1,592,890원",144451,"50,000원",2452383,"5,000원",21,33,35,38,42,44,1
1135,2024.08.31,9,"2,953,726,125원",91,"48,687,794원",3417,"1,296,632원",163808,"50,000원",2654691,"5,000원",1,6,13,19,21,33,4
1134,2024.08.24,14,"1,755,689,384원",97,"42,233,078원",3961,"1,034,236원",180353,"50,000원",2807905,"5,000원",3,7,9,13,19,24,23
1133,2024.08.17,13,"2,105,079,491원",73,"62,479,529원",2737,"1,666,426원",143047,"50,000원",2393005,"5,000원",13,14,20,28,29,34,23
1132,2024.08.10,11,"2,404,951,807원",73,"60,398,334원",3086,"1,428,736원",148359,"50,000원",2463697,"5,000원",6,7,19,28,34,41,5
1131,2024.08.03,17,"1,542,367,898원",56,"78,036,471원",2861,"1,527,453원",144842,"50,000원",2471592,"5,000원",1,2,6,14,27,38,33
1130,2024.07.27,12,"2,263,301,219원",69,"65,602,934원",2900,"1,560,898원",137397,"50,000원",2334975,"5,000원",15,19,21,25,27,28,40
1129,2024.07.20,11,"2,369,567,660원",107,"40,600,069원",3142,"1,382,625원",154322,"50,000원",2542398,"5,000원",5,10,11,17,28,34,22
1128,2024.07.13,63,"419,925,560원",77,"57,262,577원",2987,"1,476,137원",153592,"50,000원",2545750,"5,000원",1,5,8,16,28,33,45
1127,2024.07.06,12,"2,267,891,969원",84,"53,997,428원",3007,"1,508,409원",145646,"50,000원",2443423,"5,000원",10,15,24,30,31,37,32
1126,2024.06.29,11,"2,386,382,421원",91,"48,077,302원",3114,"1,404,957원",157300,"50,000원",2626764,"5,000원",4,5,9,11,37,40,7
1125,2024.06.22,12,"2,195,289,188원",78,"56,289,467원",3066,"1,432,022원",147313,"50,000원",2442674,"5,000원",6,14,25,33,40,44,30
1124,2024.06.15,10,"2,623,327,913원",87,"50,255,324원",3123,"1,400,005원",158630,"50,000원",2619643,"5,000원",3,8,17,30,33,34,28
1123,2024.06.08,16,"1,731,310,711원",77,"59,958,813원",2945,"1,567,684원",147087,"50,000원",2456500,"5,000원",13,19,21,24,34,35,26
1122,2024.06.01,11,"2,556,266,046원",99,"47,338,261원",2932,"1,598,393원",151473,"50,000원",2540890,"5,000원",3,6,21,30,34,35,22
1121,2024.05.25,11,"2,524,513,262원",76,"60,898,347원",2956,"1,565,723원",148984,"50,000원",2494773,"5,000원",6,24,31,32,38,44,8
1120,2024.05.18,11,"2,522,163,375원",91,"50,812,816원",3049,"1,516,552원",154910,"50,000원",2532990,"5,000원",2,19,26,31,38,41,34
1119,2024.05.11,19,"1,396,028,764원",97,"45,574,823원",3108,"1,422,381원",155000,"50,000원",2560859,"5,000원",1,9,12,13,20,45,3
1118,2024.05.04,19,"1,477,445,132원",72,"64,980,226원",3518,"1,329,897원",145194,"50,000원",2435050,"5,000원",11,13,14,15,16,45,3
1117,2024.04.27,9,"3,028,385,542원",94,"48,325,302원",3161,"1,437,071원",155379,"50,000원",2567618,"5,000원",3,4,9,30,33,36,7
1116,2024.04.20,10,"2,695,000,238원",114,"39,400,589원",2896,"1,550,991원",145548,"50,000원",2444108,"5,000원",15,16,17,25,30,31,32
1115,2024.04.13,12,"2,257,278,282원",60,"75,242,610원",3103,"1,454,901원",158614,"50,000원",2584491,"5,000원",7,12,23,32,34,36,8
1114,2024.04.06,17,"1,583,813,824원",88,"50,994,006원",3221,"1,393,193원",160537,"50,000원",2574463,"5,000원",10,16,19,32,33,38,3
1113,2024.03.30,14,"1,987,426,822원",57,"81,356,654원",2936,"1,579,472원",146997,"50,000원",2444535,"5,000원",11,13,20,21,32,44,8
1112,2024.03.23,10,"2,804,455,650원",59,"79,221,912원",3077,"1,519,043원",148163,"50,000원",2461430,"5,000원",16,20,26,36,42,44,24
1111,2024.03.16,16,"1,714,662,540원",97,"47,138,490원",5096,"897,260원",171363,"50,000원",2608760,"5,000원",3,13,30,33,43,45,4
1110,2024.03.09,16,"1,647,392,719원",118,"37,229,214원",3654,"1,202,258원",173234,"50,000원",2747163,"5,000원",3,7,11,20,22,41,24
1109,2024.03.02,17,"1,584,352,875원",84,"53,440,474원",3347,"1,341,202원",180255,"50,000원",2734683,"5,000원",10,12,13,19,33,40,2
1108,2024.02.24,14,"1,957,990,849원",96,"47,590,056원",3227,"1,415,757원",157579,"50,000원",2572268,"5,000원",7,19,26,37,39,44,27
1107,2024.02.17,14,"2,025,625,233원",82,"57,639,743원",3357,"1,407,942원",162265,"50,000원",2581512,"5,000원",6,14,30,31,40,41,29
1106,2024.02.10,11,"2,790,462,819원",67,"76,355,948원",3374,"1,516,257원",168792,"50,000원",2788452,"5,000원",1,3,4,29,42,45,36
1105,2024.02.03,15,"1,834,853,800원",83,"55,266,681원",2898,"1,582,863원",148700,"50,000원",2503114,"5,000원",6,16,34,37,39,40,11
1104,2024.01.27,15,"1,817,193,100원",76,"59,776,089원",3000,"1,514,328원",148589,"50,000원",2490276,"5,000원",1,7,21,30,35,38,2
1103,2024.01.20,17,"1,574,419,633원",76,"58,695,469원",2909,"1,533,468원",144537,"50,000원",2436768,"5,000원",10,12,29,31,40,44,2
1102,2024.01.13,20,"1,383,591,413원",63,"73,205,895원",3042,"1,516,099원",147705,"50,000원",2461606,"5,000원",13,14,22,26,37,38,20
1101,2024.01.06,13,"2,100,529,500원",75,"60,681,964원",3363,"1,353,300원",159797,"50,000원",2596082,"5,000원",6,7,13,28,36,42,41
1100,2023.12.30,13,"2,207,575,472원",81,"59,050,373원",2869,"1,667,160원",146262,"50,000원",2503154,"5,000원",17,26,29,30,31,43,12
1099,2023.12.23,9,"2,959,934,125원",71,"62,533,820원",2701,"1,643,800원",134122,"50,000원",2306011,"5,000원",3,20,28,38,40,43,4
1098,2023.12.16,13,"1,930,461,895원",68,"61,509,816원",2840,"1,472,771원",138090,"50,000원",2311866,"5,000원",12,16,21,24,41,43,15
1097,2023.12.09,7,"3,864,293,090원",67,"67,288,686원",2631,"1,713,547원",135670,"50,000원",2317263,"5,000원",14,33,34,35,37,40,4
1096,2023.12.02,10,"2,539,391,175원",85,"49,791,984원",2924,"1,447,442원",141700,"50,000원",2386598,"5,000원",1,12,16,19,23,43,34
1095,2023.11.25,10,"2,617,825,575원",57,"76,544,608원",2584,"1,688,484원",135653,"50,000원",2278659,"5,000원",8,14,28,29,34,40,12
1094,2023.11.18,12,"2,112,854,469원",87,"48,571,368원",2725,"1,550,719원",136802,"50,000원",2278728,"5,000원",6,7,15,22,26,40,41
1093,2023.11.11,13,"1,967,040,750원",65,"65,568,025원",2928,"1,455,575원",141232,"50,000원",2327509,"5,000원",10,17,22,30,35,43,44
1092,2023.11.04,16,"1,583,289,844원",84,"50,263,170원",3327,"1,269,044원",160096,"50,000원",2540721,"5,000원",7,18,19,26,33,45,37
1091,2023.10.28,9,"2,898,470,459원",65,"66,887,780원",2873,"1,513,299원",149578,"50,000원",2481449,"5,000원",6,20,23,24,28,30,44
1090,2023.10.21,11,"2,386,494,614원",88,"49,718,638원",2931,"1,492,747원",143714,"50,000원",2398962,"5,000원",12,19,21,29,40,45,1
1089,2023.10.14,9,"2,978,522,167원",79,"56,554,219원",2825,"1,581,517원",138575,"50,000원",2338390,"5,000원",4,18,31,37,42,43,40
1088,2023.10.07,11,"2,434,697,898원",94,"47,485,243원",2991,"1,492,348원",141487,"50,000원",2352280,"5,000원",11,21,22,30,39,44,31
1087,2023.09.30,16,"1,732,253,602원",71,"65,061,169원",2989,"1,545,448원",149854,"50,000원",2506601,"5,000원",13,14,18,21,34,44,16
1086,2023.09.23,17,"1,515,913,809원",67,"64,105,808원",3270,"1,313,483원",155241,"50,000원",2500478,"5,000원",11,16,25,27,35,36,37
1085,2023.09.16,23,"1,073,277,473원",80,"51,427,879원",3471,"1,185,316원",156670,"50,000원",2475529,"5,000원",4,7,17,18,38,44,36
1084,2023.09.09,15,"1,738,764,600원",107,"40,625,342원",3003,"1,447,523원",151391,"50,000원",2512924,"5,000원",8,12,13,29,33,42,5
1083,2023.09.02,15,"1,713,084,525원",72,"59,482,102원",3274,"1,308,098원",154536,"50,000원",2501816,"5,000원",3,7,14,15,22,38,17
1082,2023.08.26,7,"3,720,489,643원",62,"70,009,214원",2768,"1,568,126원",142123,"50,000원",2390544,"5,000원",21,26,27,32,34,42,31
1081,2023.08.19,11,"2,343,892,944원",92,"46,708,012원",2923,"1,470,112원",143152,"50,000원",2390493,"5,000원",1,9,16,23,24,38,17
1080,2023.08.12,7,"3,639,444,429원",82,"51,780,714원",2720,"1,561,037원",136257,"50,000원",2254999,"5,000원",13,16,23,31,36,44,38
1079,2023.08.05,9,"2,712,329,417원",85,"47,864,637원",3212,"1,266,655원",145773,"50,000원",2344700,"5,000원",4,8,18,24,37,45,6
1078,2023.07.29,12,"2,141,604,938원",77,"55,626,103원",2691,"1,591,680원",135352,"50,000원",2334106,"5,000원",6,10,11,14,36,38,43
1077,2023.07.22,7,"3,570,901,018원",98,"42,510,727원",3235,"1,287,806원",149808,"50,000원",2428987,"5,000원",4,8,17,30,40,43,34
1076,2023.07.15,9,"2,672,689,750원",86,"46,616,682원",3109,"1,289,494원",148521,"50,000원",2417204,"5,000원",3,7,9,33,36,37,10
1075,2023.07.08,9,"2,896,337,167원",160,"27,153,161원",2750,"1,579,821원",134529,"50,000원",2267024,"5,000원",1,23,24,35,44,45,10
1074,2023.07.01,12,"2,134,763,657원",78,"54,737,530원",2711,"1,574,891원",143155,"50,000원",2311622,"5,000원",1,6,20,27,28,41,15
1073,2023.06.24,11,"2,345,227,603원",62,"69,348,129원",2994,"1,436,067원",146834,"50,000원",2387538,"5,000원",6,18,28,30,32,38,15
1072,2023.06.17,12,"2,175,006,375원",93,"46,774,331원",2872,"1,514,629원",145504,"50,000원",2400605,"5,000원",16,18,20,23,32,43,27
1071,2023.06.10,5,"5,183,979,750원",83,"52,047,990원",2891,"1,494,287원",143234,"50,000원",2391950,"5,000원",1,2,11,21,30,35,39
1070,2023.06.03,14,"1,859,116,929원",63,"68,856,183원",2938,"1,476,495원",142759,"50,000원",2353987,"5,000원",3,6,14,22,30,41,36
1069,2023.05.27,14,"1,863,217,554원",79,"55,031,743원",3006,"1,446,277원",146335,"50,000원",2419527,"5,000원",1,10,18,22,28,31,44
1068,2023.05.20,19,"1,363,929,514원",87,"49,644,944원",3114,"1,386,998원",150789,"50,000원",2480427,"5,000원",4,7,19,26,33,35,3
1067,2023.05.13,13,"1,981,114,010원",82,"52,346,509원",3679,"1,166,734원",163488,"50,000원",2567588,"5,000원",7,10,19,23,28,33,18
1066,2023.05.06,15,"1,670,947,250원",88,"47,470,093원",3323,"1,257,108원",152826,"50,000원",2432046,"5,000원",6,11,16,19,21,32,45
1065,2023.04.29,14,"1,852,593,938원",74,"58,415,125원",3117,"1,386,821원",148561,"50,000원",2416212,"5,000원",3,18,19,23,32,45,24
1064,2023.04.22,19,"1,348,168,106원",62,"68,858,049원",3296,"1,295,267원",158665,"50,000원",2525390,"5,000원",3,6,9,18,22,35,14
1063,2023.04.15,7,"3,770,311,875원",55,"79,976,313원",2706,"1,625,535원",139518,"50,000원",2401618,"5,000원",3,6,22,23,24,38,30
1062,2023.04.08,7,"3,801,933,804원",68,"65,229,257원",2668,"1,662,515원",133599,"50,000원",2278058,"5,000원",20,31,32,40,41,45,12
1061,2023.04.01,11,"2,422,768,773원",99,"44,866,089원",3003,"1,479,102원",145857,"50,000원",2425576,"5,000원",4,24,27,35,37,45,15
1060,2023.03.25,28,"898,238,907원",96,"43,664,392원",4593,"912,646원",179475,"50,000원",2566118,"5,000원",3,10,24,33,38,45,36
1059,2023.03.18,13,"2,033,168,481원",83,"53,074,680원",3127,"1,408,762원",151941,"50,000원",2516955,"5,000원",7,10,22,25,34,40,27
1058,2023.03.11,13,"2,058,020,250원",60,"74,317,398원",3074,"1,450,568원",152446,"50,000원",2545208,"5,000원",11,23,25,30,32,40,42
1057,2023.03.04,17,"1,616,069,714원",664,"6,895,880원",2962,"1,545,870원",146471,"50,000원",2461496,"5,000원",8,13,19,27,40,45,12
1056,2023.02.25,14,"1,969,662,456원",81,"56,739,248원",3223,"1,425,964원",150996,"50,000원",2464595,"5,000원",13,20,24,32,36,45,29
1055,2023.02.18,11,"2,362,815,205원",92,"47,085,086원",3413,"1,269,215원",165590,"50,000원",2662001,"5,000원",4,7,12,14,22,33,31
1054,2023.02.11,9,"3,147,925,709원",66,"71,543,767원",2714,"1,739,827원",140308,"50,000원",2407955,"5,000원",14,19,27,28,30,45,33
1053,2023.02.04,7,"4,090,367,411원",64,"74,563,990원",2702,"1,766,135원",136905,"50,000원",2367764,"5,000원",22,26,29,30,34,45,15
1052,2023.01.28,11,"2,341,682,762원",108,"39,750,788원",2926,"1,467,220원",148178,"50,000원",2405830,"5,000원",5,17,26,27,35,38,1
1051,2023.01.21,18,"1,669,558,480원",70,"71,552,507원",2824,"1,773,611원",143314,"50,000원",2477370,"5,000원",21,26,30,32,33,35,44
1050,2023.01.14,17,"1,535,083,280원",70,"62,134,324원",2866,"1,517,587원",144610,"50,000원",2402116,"5,000원",6,12,31,35,38,43,17
1049,2023.01.07,15,"1,727,810,100원",89,"48,533,992원",2968,"1,455,366원",147061,"50,000원",2462622,"5,000원",3,5,13,20,21,37,17
1048,2022.12.31,17,"1,612,494,508원",102,"44,791,515원",3817,"1,196,944원",170086,"50,000원",2721555,"5,000원",6,12,17,21,32,39,30
1047,2022.12.24,9,"2,748,797,875원",83,"49,677,071원",2728,"1,511,436원",139530,"50,000원",2313403,"5,000원",2,20,33,40,42,44,32
1046,2022.12.17,12,"2,011,415,719원",57,"70,575,991원",2959,"1,359,524원",139560,"50,000원",2260269,"5,000원",7,16,25,29,35,36,28
1045,2022.12.10,13,"1,990,060,443원",67,"64,355,189원",2699,"1,597,554원",135872,"50,000원",2280432,"5,000원",6,14,15,19,21,41,37
1044,2022.12.03,8,"3,136,941,235원",72,"58,091,505원",2597,"1,610,547원",134226,"50,000원",2254796,"5,000원",12,17,20,26,28,36,4
1043,2022.11.26,17,"1,468,646,956원",86,"48,385,656원",3156,"1,318,494원",155087,"50,000원",2495858,"5,000원",3,5,12,22,26,31,19
1042,2022.11.19,20,"1,240,663,669원",100,"41,355,456원",3567,"1,159,391원",157156,"50,000원",2462593,"5,000원",5,14,15,23,34,43,4
1041,2022.11.12,25,"935,091,165원",85,"45,837,803원",3947,"987,133원",167535,"50,000원",2620869,"5,000원",6,7,9,11,17,18,45
1040,2022.11.05,7,"3,660,482,625원",63,"67,786,716원",2583,"1,653,335원",133245,"50,000원",2235373,"5,000원",8,16,26,29,31,36,11
1039,2022.10.29,16,"1,585,019,672원",80,"52,833,990원",2773,"1,524,241원",140403,"50,000원",2359126,"5,000원",2,3,6,19,36,39,26
1038,2022.10.22,15,"1,627,457,225원",77,"52,839,521원",3364,"1,209,466원",154690,"50,000원",2436512,"5,000원",7,16,24,27,37,44,2
1037,2022.10.15,15,"1,708,576,825원",78,"54,762,078원",2713,"1,574,435원",137021,"50,000원",2279500,"5,000원",2,14,15,22,27,33,31
1036,2022.10.08,9,"2,837,323,167원",64,"66,499,762원",2593,"1,641,337원",133443,"50,000원",2231388,"5,000원",2,5,22,32,34,45,39
1035,2022.10.01,8,"3,231,193,735원",71,"60,679,695원",2848,"1,512,732원",141624,"50,000원",2366499,"5,000원",9,14,34,35,41,42,2
1034,2022.09.24,9,"2,868,856,209원",66,"65,201,278원",2898,"1,484,916원",142939,"50,000원",2400364,"5,000원",26,31,32,33,38,40,11
1033,2022.09.17,13,"1,913,414,943원",79,"52,477,625원",3083,"1,344,708원",145505,"50,000원",2376004,"5,000원",3,11,15,20,35,44,10
1032,2022.09.10,10,"2,675,257,538원",90,"49,541,807원",3078,"1,448,591원",149807,"50,000원",2458611,"5,000원",1,6,12,19,36,42,28
1031,2022.09.03,8,"3,213,957,563원",64,"66,957,450원",2789,"1,536,493원",132815,"50,000원",2247015,"5,000원",6,7,22,32,35,36,19
1030,2022.08.27,19,"1,276,406,507원",104,"38,864,942원",3278,"1,233,055원",154929,"50,000원",2473576,"5,000원",2,5,11,17,24,29,9
1029,2022.08.20,10,"2,527,848,450원",62,"67,952,916원",2614,"1,611,738원",125573,"50,000원",2136972,"5,000원",12,30,32,37,39,41,24
1028,2022.08.13,20,"1,181,235,132원",91,"43,268,687원",2810,"1,401,228원",142778,"50,000원",2333653,"5,000원",5,7,12,13,18,35,23
1027,2022.08.06,10,"2,460,504,338원",83,"49,407,718원",2700,"1,518,830원",134097,"50,000원",2217201,"5,000원",14,16,27,35,39,45,5
1026,2022.07.30,15,"1,619,118,475원",76,"53,260,477원",2786,"1,452,907원",138907,"50,000원",2290094,"5,000원",5,12,13,31,32,41,34
1025,2022.07.23,4,"6,118,853,344원",69,"59,119,356원",2671,"1,527,232원",134665,"50,000원",2258426,"5,000원",8,9,20,25,29,33,7
1024,2022.07.16,8,"3,020,323,500원",63,"63,922,191원",2616,"1,539,411원",134065,"50,000원",2224097,"5,000원",9,18,20,22,38,44,10
1023,2022.07.09,9,"2,745,677,875원",72,"57,201,623원",2506,"1,643,463원",127810,"50,000원",2172239,"5,000원",10,14,16,18,29,35,25
1022,2022.07.02,5,"4,866,468,075원",63,"64,371,271원",2580,"1,571,857원",127962,"50,000원",2155059,"5,000원",5,6,11,29,42,45,28
1021,2022.06.25,12,"2,108,962,250원",56,"75,320,081원",2461,"1,713,907원",126484,"50,000원",2182497,"5,000원",12,15,17,24,29,45,16
1020,2022.06.18,13,"1,966,431,520원",77,"55,332,489원",2817,"1,512,461원",138221,"50,000원",2300467,"5,000원",12,27,29,38,41,45,6
1019,2022.06.11,50,"438,565,140원",75,"48,729,460원",5823,"627,634원",192646,"50,000원",2506493,"5,000원",1,4,13,17,34,39,6
1018,2022.06.04,2,"12,361,744,688원",62,"66,460,993원",2693,"1,530,109원",130602,"50,000원",2216230,"5,000원",3,19,21,25,37,45,35
1017,2022.05.28,7,"3,517,684,822원",70,"58,628,081원",2596,"1,580,881원",133621,"50,000원",2235724,"5,000원",12,18,22,23,30,34,32
1016,2022.05.21,11,"2,260,660,671원",68,"60,949,185원",2686,"1,543,018원",132413,"50,000원",2202914,"5,000원",15,26,28,34,41,42,44
1015,2022.05.14,8,"3,051,105,610원",102,"39,883,734원",2880,"1,412,549원",144321,"50,000원",2304033,"5,000원",14,23,31,33,37,40,44
1014,2022.05.07,10,"2,410,449,338원",69,"58,223,414원",2849,"1,410,115원",143906,"50,000원",2372712,"5,000원",3,11,14,18,26,27,21
1013,2022.04.30,5,"5,047,570,725원",79,"53,244,417원",2586,"1,626,570원",128697,"50,000원",2157701,"5,000원",21,22,26,34,36,41,32
1012,2022.04.23,13,"1,861,944,318원",76,"53,081,746원",2882,"1,399,797원",141514,"50,000원",2324952,"5,000원",5,11,18,20,35,45,3
1011,2022.04.16,11,"2,220,348,512원",76,"53,561,039원",2818,"1,444,514원",137485,"50,000원",2292065,"5,000원",1,9,12,26,35,38,42
1010,2022.04.09,8,"3,119,380,079원",66,"63,017,780원",2781,"1,495,568원",136828,"50,000원",2278193,"5,000원",9,12,15,25,34,36,3
1009,2022.04.02,15,"1,702,462,825원",69,"61,683,436원",2632,"1,617,081원",133476,"50,000원",2232525,"5,000원",15,23,29,34,40,44,20
1008,2022.03.26,11,"2,267,377,910원",97,"42,854,222원",2826,"1,470,935원",141072,"50,000원",2311009,"5,000원",9,11,30,31,41,44,33
1007,2022.03.19,9,"2,718,786,375원",70,"58,259,709원",2844,"1,433,960원",137134,"50,000원",2256573,"5,000원",8,11,16,19,21,25,40
1006,2022.03.12,9,"2,855,602,125원",65,"65,898,511원",2487,"1,722,318원",131234,"50,000원",2288458,"5,000원",8,11,15,16,17,37,36
1005,2022.03.05,12,"2,061,199,344원",84,"49,076,175원",2798,"1,473,338원",143067,"50,000원",2349017,"5,000원",8,13,18,24,27,29,17
1004,2022.02.26,10,"2,576,251,913원",68,"63,143,430원",2785,"1,541,743원",140047,"50,000원",2340772,"5,000원",7,15,30,37,39,44,18
1003,2022.02.19,14,"1,811,116,822원",66,"64,029,383원",2649,"1,595,297원",133896,"50,000원",2247475,"5,000원",1,4,29,39,43,45,31
1002,2022.02.12,8,"3,088,449,563원",85,"48,446,268원",3193,"1,289,676원",155418,"50,000원",2436676,"5,000원",17,25,33,35,38,45,15
1001,2022.02.05,12,"2,077,279,594원",66,"62,947,867원",2761,"1,504,730원",140255,"50,000원",2346904,"5,000원",6,10,12,14,20,42,15
1000,2022.01.29,22,"1,246,819,620원",109,"41,941,945원",4018,"1,137,798원",180052,"50,000원",2747686,"5,000원",2,8,19,22,32,42,39
999,2022.01.22,16,"1,513,274,790원",67,"60,229,843원",2943,"1,371,186원",143217,"50,000원",2369326,"5,000원",1,3,9,14,18,28,34
998,2022.01.15,12,"2,076,499,657원",53,"78,358,478원",2648,"1,568,354원",129576,"50,000원",2227628,"5,000원",13,17,18,20,42,45,41
997,2022.01.08,19,"1,253,749,560원",85,"46,708,317원",3692,"1,075,354원",155887,"50,000원",2331995,"5,000원",4,7,14,16,24,44,20
996,2022.01.01,18,"1,491,185,771원",86,"52,018,109원",3313,"1,350,305원",155856,"50,000원",2546181,"5,000원",6,11,15,24,32,39,28
995,2021.12.25,7,"3,447,271,875원",69,"58,287,206원",2793,"1,439,964원",138372,"50,000원",2269218,"5,000원",1,4,13,29,38,39,7
994,2021.12.18,12,"1,861,582,063원",70,"53,188,059원",2803,"1,328,279원",137937,"50,000원",2216661,"5,000원",1,3,8,24,27,35,28
993,2021.12.11,6,"3,991,197,063원",70,"57,017,101원",2732,"1,460,907원",132583,"50,000원",2220620,"5,000원",6,14,16,18,24,42,44
992,2021.12.04,12,"1,986,955,563원",58,"68,515,710원",2373,"1,674,636원",124311,"50,000원",2105282,"5,000원",12,20,26,33,44,45,24
991,2021.11.27,8,"2,904,166,032원",110,"35,202,013원",2969,"1,304,218원",138068,"50,000원",2226394,"5,000원",13,18,25,31,33,44,38
990,2021.11.20,14,"1,740,095,277원",56,"72,503,970원",2858,"1,420,652원",129113,"50,000원",2169219,"5,000원",2,4,25,26,36,37,28
989,2021.11.13,4,"5,826,768,563원",63,"61,658,927원",2444,"1,589,408원",127891,"50,000원",2158436,"5,000원",17,18,21,27,29,33,26
988,2021.11.06,9,"2,678,489,375원",61,"65,864,493원",2663,"1,508,725원",129322,"50,000원",2139025,"5,000원",2,13,20,30,31,41,27
987,2021.10.30,10,"2,378,711,625원",73,"54,308,485원",2968,"1,335,755원",140004,"50,000원",2283682,"5,000원",2,4,15,23,29,38,7
986,2021.10.23,10,"2,375,275,125원",70,"56,554,170원",2793,"1,417,398원",133889,"50,000원",2231167,"5,000원",7,10,16,28,41,42,40
985,2021.10.16,10,"2,434,752,975원",62,"65,450,349원",2581,"1,572,229원",126523,"50,000원",2123240,"5,000원",17,21,23,30,34,44,19
984,2021.10.09,7,"3,453,006,268원",64,"62,945,427원",2596,"1,551,814원",128129,"50,000원",2149335,"5,000원",3,10,23,35,36,37,18
983,2021.10.02,10,"2,503,422,225원",78,"53,491,928원",2640,"1,580,444원",131780,"50,000원",2196308,"5,000원",13,23,26,31,35,43,15
982,2021.09.25,8,"3,023,630,672원",81,"49,771,699원",2931,"1,375,472원",139208,"50,000원",2291933,"5,000원",5,7,13,20,21,44,33
981,2021.09.18,13,"1,992,863,193원",65,"66,428,774원",2824,"1,528,991원",136630,"50,000원",2289650,"5,000원",27,36,37,41,43,45,32
980,2021.09.11,7,"3,409,443,215원",70,"56,824,054원",2819,"1,411,027원",135751,"50,000원",2237534,"5,000원",3,13,16,23,24,35,14
979,2021.09.04,14,"1,606,400,518원",79,"47,446,429원",3414,"1,097,911원",154980,"50,000원",2403760,"5,000원",7,11,16,21,27,33,24
978,2021.08.28,10,"2,373,391,388원",70,"56,509,319원",2826,"1,399,736원",133915,"50,000원",2217326,"5,000원",1,7,15,32,34,42,8
977,2021.08.21,14,"1,669,905,911원",82,"47,517,648원",2474,"1,574,959원",125781,"50,000원",2097459,"5,000원",2,9,10,14,22,44,16
976,2021.08.14,7,"3,243,867,215원",69,"54,847,997원",3085,"1,226,747원",142375,"50,000원",2270249,"5,000원",4,12,14,25,35,37,2
975,2021.08.07,9,"2,440,410,375원",61,"60,010,092원",2828,"1,294,419원",135604,"50,000원",2212347,"5,000원",7,8,9,17,22,24,5
974,2021.07.31,17,"1,317,034,523원",66,"56,539,361원",2636,"1,415,629원",129473,"50,000원",2149319,"5,000원",1,2,11,16,39,44,32
973,2021.07.24,8,"2,912,742,750원",42,"92,468,024원",2257,"1,720,717원",117757,"50,000원",2003966,"5,000원",22,26,31,37,41,42,24
972,2021.07.17,20,"1,124,886,244원",80,"46,870,261원",2570,"1,458,997원",126989,"50,000원",2122398,"5,000원",3,6,17,23,37,39,26
971,2021.07.10,6,"3,725,880,250원",62,"60,094,843원",2685,"1,387,665원",131409,"50,000원",2171694,"5,000원",2,6,17,18,21,26,7
970,2021.07.03,14,"1,611,544,045원",87,"43,221,488원",2479,"1,516,850원",124923,"50,000원",2061176,"5,000원",9,11,16,21,28,36,5
969,2021.06.26,20,"1,149,427,894원",56,"68,418,328원",2633,"1,455,157원",133079,"50,000원",2211803,"5,000원",3,9,10,29,40,45,7
968,2021.06.19,13,"1,667,729,683원",97,"37,251,694원",3116,"1,159,633원",148150,"50,000원",2329460,"5,000원",2,5,12,14,24,39,33
967,2021.06.12,4,"5,809,776,094원",69,"56,133,103원",2475,"1,564,923원",121200,"50,000원",2042462,"5,000원",1,6,13,37,38,40,9
966,2021.06.05,10,"2,411,303,513원",50,"80,376,784원",2352,"1,708,691원",115370,"50,000원",1980202,"5,000원",1,21,25,29,34,37,36
965,2021.05.29,7,"3,403,348,929원",46,"86,316,821원",2389,"1,662,024원",122129,"50,000원",2043257,"5,000원",2,13,25,28,29,36,34
964,2021.05.22,10,"2,345,861,063원",52,"75,187,855원",2447,"1,597,781원",123780,"50,000원",2061560,"5,000원",6,21,36,38,39,43,30
963,2021.05.15,15,"1,476,478,125원",68,"54,282,285원",3137,"1,176,665원",141987,"50,000원",2219439,"5,000원",6,12,19,23,34,42,35
962,2021.05.08,12,"1,940,906,094원",73,"53,175,510원",2581,"1,503,996원",126528,"50,000원",2119457,"5,000원",1,18,28,31,34,43,40
961,2021.05.01,9,"2,575,231,209원",73,"52,915,710원",2716,"1,422,256원",133764,"50,000원",2197136,"5,000원",11,20,29,31,33,42,43
960,2021.04.24,10,"2,401,133,213원",56,"71,462,298원",2569,"1,557,762원",129546,"50,000원",2180006,"5,000원",2,18,24,30,32,45,14
959,2021.04.17,8,"3,015,312,891원",75,"53,605,563원",2502,"1,606,882원",123802,"50,000원",2072896,"5,000원",1,14,15,24,40,41,35
958,2021.04.10,15,"1,596,119,675원",67,"59,556,705원",2470,"1,615,506원",131097,"50,000원",2168146,"5,000원",2,9,10,16,35,37,1
957,2021.04.03,11,"2,126,634,137원",61,"63,915,234원",2835,"1,375,249원",129545,"50,000원",2131893,"5,000원",4,15,24,35,36,40,1
956,2021.03.27,11,"2,022,982,671원",136,"27,270,600원",3053,"1,214,806원",144650,"50,000원",2325943,"5,000원",10,11,20,21,25,41,40
955,2021.03.20,12,"2,023,170,188원",71,"56,990,710원",2650,"1,526,921원",130744,"50,000원",2196889,"5,000원",4,9,23,26,29,33,8
954,2021.03.13,10,"2,478,795,900원",64,"64,551,977원",2657,"1,554,884원",132057,"50,000원",2214839,"5,000원",1,9,26,28,30,41,32
953,2021.03.06,14,"1,640,636,009원",102,"37,530,890원",3273,"1,169,616원",146120,"50,000원",2331848,"5,000원",7,9,22,27,37,42,34
952,2021.02.27,9,"2,713,699,834원",93,"43,769,353원",3039,"1,339,438원",141776,"50,000원",2304925,"5,000원",4,12,22,24,33,41,38
951,2021.02.20,14,"1,747,552,661원",72,"56,633,652원",2907,"1,402,692원",142335,"50,000원",2346154,"5,000원",2,12,30,31,39,43,38
950,2021.02.13,8,"3,281,920,500원",67,"65,311,851원",2886,"1,516,249원",146270,"50,000원",2422941,"5,000원",3,4,15,22,28,40,10
949,2021.02.06,10,"2,458,569,713원",65,"63,040,250원",2594,"1,579,652원",130363,"50,000원",2192075,"5,000원",14,21,35,36,40,44,30
948,2021.01.30,11,"2,188,548,716원",90,"44,581,548원",2905,"1,381,184원",137929,"50,000원",2252913,"5,000원",13,18,30,31,38,41,5
947,2021.01.23,18,"1,275,855,750원",58,"65,992,539원",3182,"1,202,881원",146908,"50,000원",2351804,"5,000원",3,8,17,20,27,35,26
946,2021.01.16,11,"2,157,656,182원",71,"55,714,127원",2949,"1,341,371원",138433,"50,000원",2224563,"5,000원",9,18,19,30,34,40,20
945,2021.01.09,13,"1,765,554,491원",71,"53,878,424원",2490,"1,536,293원",124224,"50,000원",2120882,"5,000원",9,10,15,30,33,37,26
944,2021.01.02,13,"1,961,836,356원",79,"53,805,639원",3057,"1,390,464원",147665,"50,000원",2440455,"5,000원",2,13,16,19,32,33,42
943,2020.12.26,7,"3,435,045,108원",74,"54,156,117원",2722,"1,472,283원",135763,"50,000원",2238429,"5,000원",1,8,13,36,44,45,39
942,2020.12.19,6,"3,761,680,313원",52,"72,340,007원",2473,"1,521,101원",120907,"50,000원",2045438,"5,000원",10,12,18,35,42,43,39
941,2020.12.12,16,"1,347,297,422원",87,"41,296,473원",3275,"1,097,037원",145544,"50,000원",2282851,"5,000원",12,14,25,27,39,40,35
940,2020.12.05,8,"2,846,071,079원",51,"74,407,088원",2329,"1,629,353원",123292,"50,000원",2087480,"5,000원",3,15,20,22,24,41,11
939,2020.11.28,13,"1,708,363,039원",67,"55,245,571원",2682,"1,380,110원",128408,"50,000원",2127595,"5,000원",4,11,28,39,42,45,6
938,2020.11.21,10,"2,249,466,563원",64,"58,579,859원",2531,"1,481,277원",124971,"50,000원",2096955,"5,000원",4,8,10,16,31,36,9
937,2020.11.14,11,"2,058,420,819원",57,"66,206,518원",2480,"1,521,683원",124141,"50,000원",2092601,"5,000원",2,10,13,22,29,40,26
936,2020.11.07,14,"1,492,069,179원",77,"45,214,218원",2864,"1,215,606원",140160,"50,000원",2252623,"5,000원",7,11,13,17,18,29,43
935,2020.10.31,13,"1,711,055,424원",120,"30,894,057원",2933,"1,263,992원",134376,"50,000원",2118071,"5,000원",4,10,20,32,38,44,18
934,2020.10.24,4,"5,765,772,844원",66,"58,240,130원",2359,"1,629,440원",116726,"50,000원",1985417,"5,000원",1,3,30,33,36,39,12
933,2020.10.17,8,"2,927,797,079원",63,"61,963,960원",2215,"1,762,407원",114043,"50,000원",1962088,"5,000원",23,27,29,31,36,45,37
932,2020.10.10,7,"3,390,022,983원",64,"61,797,294원",2420,"1,634,309원",120969,"50,000원",2067196,"5,000원",1,6,15,36,37,38,5
931,2020.10.03,8,"2,957,108,063원",54,"73,015,014원",2596,"1,518,803원",121943,"50,000원",2041653,"5,000원",14,15,23,25,35,43,32
930,2020.09.26,8,"2,832,418,829원",55,"68,664,699원",2776,"1,360,432원",128480,"50,000원",2124548,"5,000원",8,21,25,38,39,44,28
929,2020.09.19,16,"1,308,035,157원",91,"38,330,701원",3028,"1,151,947원",140880,"50,000원",2244712,"5,000원",7,9,12,15,19,23,4
928,2020.09.12,7,"3,134,591,358원",81,"45,148,436원",2639,"1,385,761원",121873,"50,000원",2011931,"5,000원",3,4,10,20,28,44,30
927,2020.09.05,6,"3,714,203,875원",63,"58,955,618원",2331,"1,593,396원",118446,"50,000원",1979589,"5,000원",4,15,22,38,41,43,26
926,2020.08.29,10,"2,032,490,663원",72,"47,048,395원",2923,"1,158,907원",133167,"50,000원",2085580,"5,000원",10,16,18,20,25,31,6
925,2020.08.22,12,"1,771,080,532원",68,"52,090,604원",2335,"1,516,986원",117863,"50,000원",1944019,"5,000원",13,24,32,34,39,42,4
924,2020.08.15,9,"2,382,430,667원",69,"51,791,972원",2198,"1,625,863원",113214,"50,000원",1920852,"5,000원",3,11,34,42,43,44,13
923,2020.08.08,8,"2,667,554,625원",56,"63,513,206원",2376,"1,496,945원",115877,"50,000원",1937187,"5,000원",3,17,18,23,36,41,26
922,2020.08.01,6,"3,417,904,500원",89,"38,403,422원",2876,"1,188,423원",136052,"50,000원",2097501,"5,000원",2,6,13,17,27,43,36
921,2020.07.25,17,"1,232,573,405원",72,"48,504,047원",2682,"1,302,123원",129993,"50,000원",2101238,"5,000원",5,7,12,22,28,41,1
920,2020.07.18,7,"3,120,260,197원",53,"68,684,973원",2348,"1,550,385원",117181,"50,000원",1984222,"5,000원",2,3,26,33,34,43,29
919,2020.07.11,5,"4,305,150,450원",56,"64,064,739원",2541,"1,411,896원",122864,"50,000원",2052965,"5,000원",9,14,17,18,42,44,35
918,2020.07.04,18,"1,117,622,646원",86,"38,986,837원",2718,"1,233,580원",137216,"50,000원",2183337,"5,000원",7,11,12,31,33,38,5
917,2020.06.27,10,"2,144,799,638원",47,"76,056,725원",2260,"1,581,711원",117542,"50,000원",2000201,"5,000원",1,3,23,24,27,43,34
916,2020.06.20,11,"2,025,384,341원",70,"53,045,781원",2184,"1,700,186원",111426,"50,000원",1857917,"5,000원",6,21,22,32,35,36,17
915,2020.06.13,6,"3,518,640,500원",63,"55,851,437원",2436,"1,444,434원",119025,"50,000원",1966167,"5,000원",2,6,11,13,22,37,14
914,2020.06.06,11,"1,950,005,557원",55,"65,000,186원",2585,"1,382,983원",122904,"50,000원",2006794,"5,000원",16,19,24,33,42,44,27
913,2020.05.30,16,"1,338,755,602원",66,"54,091,136원",2467,"1,447,108원",122530,"50,000원",1996371,"5,000원",6,14,16,21,27,37,40
912,2020.05.23,14,"1,493,500,581원",70,"49,783,353원",2547,"1,368,212원",125332,"50,000원",2030860,"5,000원",5,8,18,21,22,38,10
911,2020.05.16,10,"2,113,538,625원",58,"60,733,869원",2571,"1,370,115원",123236,"50,000원",2064778,"5,000원",4,5,12,14,32,42,35
910,2020.05.09,21,"941,316,375원",72,"45,758,435원",2694,"1,222,943원",128516,"50,000원",2074354,"5,000원",1,11,17,27,35,39,31
909,2020.05.02,11,"2,021,062,875원",63,"58,814,000원",2316,"1,599,863원",111558,"50,000원",1910295,"5,000원",7,24,29,30,34,35,33
908,2020.04.25,8,"2,834,856,141원",57,"66,312,425원",2161,"1,749,102원",108610,"50,000원",1858567,"5,000원",3,16,21,22,23,44,30
907,2020.04.18,7,"3,165,059,036원",67,"55,112,969원",2300,"1,605,465원",112189,"50,000원",1903128,"5,000원",21,27,29,38,40,44,37
906,2020.04.11,9,"2,472,607,250원",63,"58,871,602원",2369,"1,565,602원",117171,"50,000원",1988860,"5,000원",2,5,14,28,31,32,20
905,2020.04.04,7,"3,017,862,536원",77,"45,725,190원",2643,"1,332,138원",129133,"50,000원",2111090,"5,000원",3,4,16,27,38,40,20
904,2020.03.28,8,"2,718,077,813원",92,"39,392,433원",2337,"1,550,751원",115626,"50,000원",1938996,"5,000원",2,6,8,26,43,45,11
903,2020.03.21,13,"1,684,582,212원",49,"74,488,330원",2316,"1,575,963원",111981,"50,000원",1902821,"5,000원",2,15,16,21,22,28,45
902,2020.03.14,13,"1,619,317,529원",67,"52,365,990원",2372,"1,479,141원",119126,"50,000원",1945304,"5,000원",7,19,23,24,36,39,30
901,2020.03.07,9,"2,267,974,667원",67,"50,775,553원",2308,"1,473,987원",114451,"50,000원",1890747,"5,000원",5,18,20,23,30,34,21
900,2020.02.29,6,"3,349,851,375원",51,"65,683,361원",2385,"1,404,550원",113132,"50,000원",1872855,"5,000원",7,13,16,18,35,38,14
899,2020.02.22,6,"3,359,356,063원",53,"63,384,077원",2402,"1,398,567원",121900,"50,000원",1993765,"5,000원",8,19,20,21,33,39,37
898,2020.02.15,8,"2,639,313,235원",56,"62,840,792원",3240,"1,086,138원",137051,"50,000원",2005739,"5,000원",18,21,28,35,37,42,17
897,2020.02.08,13,"1,619,922,520원",62,"56,610,196원",2398,"1,463,650원",121076,"50,000원",1996656,"5,000원",6,7,12,22,26,36,29
896,2020.02.01,7,"3,053,222,036원",46,"77,436,791원",2586,"1,377,453원",128068,"50,000원",2066172,"5,000원",5,12,25,26,38,45,23
895,2020.01.25,12,"1,928,079,219원",58,"66,485,491원",2750,"1,402,240원",134059,"50,000원",2185782,"5,000원",16,26,31,38,39,41,23
894,2020.01.18,9,"2,377,935,959원",56,"63,694,714원",2331,"1,530,204원",116749,"50,000원",1971982,"5,000원",19,32,37,40,41,43,45
893,2020.01.11,9,"2,377,433,625원",58,"61,485,353원",2113,"1,687,720원",116062,"50,000원",1899696,"5,000원",1,15,17,23,25,41,10
892,2020.01.04,17,"1,282,017,464원",78,"46,569,011원",2709,"1,340,858원",134155,"50,000원",2155749,"5,000원",4,9,17,18,26,42,36
891,2019.12.28,7,"3,082,673,947원",77,"46,707,182원",2443,"1,472,147원",122132,"50,000원",1998623,"5,000원",9,13,28,31,39,41,19
890,2019.12.21,9,"2,335,486,167원",58,"60,400,505원",2376,"1,474,424원",114859,"50,000원",1915593,"5,000원",1,4,14,18,29,37,6
889,2019.12.14,10,"2,108,986,950원",60,"58,582,971원",2338,"1,503,413원",114198,"50,000원",1907477,"5,000원",3,13,29,38,39,42,26
888,2019.12.07,8,"2,370,359,204원",59,"53,567,440원",2453,"1,288,414원",123025,"50,000원",1990715,"5,000원",3,7,12,31,34,38,32
887,2019.11.30,8,"2,535,268,688원",66,"51,217,550원",2388,"1,415,561원",114719,"50,000원",1885924,"5,000원",8,14,17,27,36,45,10
886,2019.11.23,7,"2,974,643,786원",59,"58,820,640원",2140,"1,621,691원",109766,"50,000원",1768281,"5,000원",19,23,28,37,42,45,2
885,2019.11.16,13,"1,543,832,568원",56,"59,731,618원",2279,"1,467,737원",111832,"50,000원",1869359,"5,000원",1,3,24,27,39,45,31
884,2019.11.09,12,"1,799,077,282원",74,"48,623,711원",2207,"1,630,338원",108076,"50,000원",1817654,"5,000원",4,14,23,28,37,45,17
883,2019.11.02,15,"1,360,519,525원",65,"52,327,675원",2538,"1,340,150원",119613,"50,000원",1924209,"5,000원",9,18,32,33,37,44,22
882,2019.10.26,5,"4,127,270,400원",44,"78,168,000원",2082,"1,651,966원",109226,"50,000원",1839873,"5,000원",18,34,39,43,44,45,23
881,2019.10.19,8,"2,503,212,282원",67,"49,815,170원",2189,"1,524,722원",116952,"50,000원",1939849,"5,000원",4,18,20,26,27,32,9
880,2019.10.12,7,"2,837,810,465원",52,"63,668,825원",2332,"1,419,717원",114994,"50,000원",1939064,"5,000원",7,17,19,23,24,45,38
879,2019.10.05,6,"3,206,361,313원",77,"41,641,057원",2594,"1,236,069원",123497,"50,000원",1952277,"5,000원",1,4,10,14,15,35,20
878,2019.09.28,6,"3,207,993,500원",69,"46,492,660원",2971,"1,079,769원",129139,"50,000원",1994188,"5,000원",2,6,11,16,25,31,3
877,2019.09.21,12,"1,716,607,188원",75,"45,776,192원",2167,"1,584,317원",109806,"50,000원",1867270,"5,000원",5,17,18,22,23,43,12
876,2019.09.14,19,"1,090,657,856원",59,"58,538,134원",2427,"1,423,054원",112619,"50,000원",1856647,"5,000원",5,16,21,26,34,42,24
875,2019.09.07,14,"1,415,946,724원",33,"100,117,446원",2278,"1,450,341원",105071,"50,000원",1726617,"5,000원",19,22,30,34,39,44,36
874,2019.08.31,18,"1,117,123,917원",68,"49,284,879원",2240,"1,496,149원",110655,"50,000원",1830269,"5,000원",1,15,19,23,28,42,32
873,2019.08.24,10,"1,874,553,225원",68,"45,944,932원",2375,"1,315,476원",123684,"50,000원",2001910,"5,000원",3,5,12,13,33,39,38
872,2019.08.17,16,"1,262,705,579원",46,"73,200,324원",2018,"1,668,591원",99681,"50,000원",1715898,"5,000원",2,4,30,32,33,43,29
871,2019.08.10,7,"2,718,071,358원",61,"51,984,972원",2231,"1,421,374원",108666,"50,000원",1792357,"5,000원",2,6,12,26,30,34,38
870,2019.08.03,10,"1,928,842,988원",48,"66,973,715원",2033,"1,581,279원",102000,"50,000원",1705285,"5,000원",21,25,30,32,40,42,31
869,2019.07.27,10,"1,922,582,588원",56,"57,219,720원",2210,"1,449,912원",108562,"50,000원",1814332,"5,000원",2,6,20,27,37,39,4
868,2019.07.20,6,"3,233,804,250원",61,"53,013,185원",2152,"1,502,698원",109133,"50,000원",1789491,"5,000원",12,17,28,41,43,44,25
867,2019.07.13,5,"3,933,755,250원",57,"57,511,042원",2175,"1,507,186원",109516,"50,000원",1820552,"5,000원",14,17,19,22,24,40,41
866,2019.07.06,9,"2,240,409,000원",68,"49,420,787원",2035,"1,651,408원",104919,"50,000원",1770017,"5,000원",9,15,29,34,37,39,12
865,2019.06.29,13,"1,551,729,145원",52,"64,655,382원",2076,"1,619,499원",104626,"50,000원",1749234,"5,000원",3,15,22,32,33,45,2
864,2019.06.22,11,"1,716,553,637원",64,"49,172,110원",2467,"1,275,645원",122913,"50,000원",1957675,"5,000원",3,7,10,13,25,36,32
863,2019.06.15,7,"2,853,357,322원",64,"52,014,327원",2042,"1,630,224원",104949,"50,000원",1753097,"5,000원",16,21,28,35,39,43,12
862,2019.06.08,9,"2,190,922,709원",63,"52,164,827원",2042,"1,609,395원",104765,"50,000원",1755036,"5,000원",10,34,38,40,42,43,32
861,2019.06.01,4,"4,872,108,844원",65,"49,970,348원",2256,"1,439,749원",108644,"50,000원",1819899,"5,000원",11,17,19,21,22,25,24
860,2019.05.25,10,"1,879,899,825원",62,"50,534,942원",2339,"1,339,533원",128867,"50,000원",1882931,"5,000원",4,8,18,25,27,32,42
859,2019.05.18,11,"1,853,927,489원",51,"66,644,453원",1895,"1,793,598원",97729,"50,000원",1678945,"5,000원",8,22,35,38,39,41,24
858,2019.05.11,9,"2,202,347,459원",41,"80,573,688원",2075,"1,592,059원",106176,"50,000원",1789295,"5,000원",9,13,32,38,39,43,23
857,2019.05.04,15,"1,284,915,425원",62,"51,811,106원",2367,"1,357,114원",111971,"50,000원",1833940,"5,000원",6,10,16,28,34,38,43
856,2019.04.27,5,"3,977,927,550원",53,"62,546,031원",1949,"1,700,842원",104537,"50,000원",1700369,"5,000원",10,24,40,41,43,44,17
855,2019.04.20,9,"2,269,510,500원",61,"55,807,636원",2022,"1,683,614원",102532,"50,000원",1765328,"5,000원",8,15,17,19,43,44,7
854,2019.04.13,6,"3,421,706,750원",44,"77,766,063원",1865,"1,834,696원",99152,"50,000원",1716083,"5,000원",20,25,31,32,36,43,3
853,2019.04.06,7,"2,885,006,786원",90,"37,398,237원",2018,"1,667,910원",105158,"50,000원",1787511,"5,000원",2,8,23,26,27,44,13
852,2019.03.30,4,"4,801,543,407원",67,"47,776,552원",2328,"1,375,013원",114850,"50,000원",1876933,"5,000원",11,17,28,30,33,35,9
851,2019.03.23,8,"2,483,692,313원",70,"47,308,425원",2101,"1,576,197원",106132,"50,000원",1750048,"5,000원",14,18,22,26,31,44,40
850,2019.03.16,6,"3,377,587,875원",55,"61,410,689원",2023,"1,669,594원",101591,"50,000원",1727367,"5,000원",16,20,24,28,36,39,5
849,2019.03.09,17,"1,158,252,883원",56,"58,602,081원",2682,"1,223,608원",113125,"50,000원",1851371,"5,000원",5,13,17,29,34,39,3
848,2019.03.02,7,"3,011,580,858원",42,"83,655,024원",2109,"1,665,961원",103845,"50,000원",1792259,"5,000원",1,2,16,22,38,39,34
847,2019.02.23,8,"2,520,846,657원",40,"84,028,222원",2443,"1,375,821원",114324,"50,000원",1857205,"5,000원",12,16,26,28,30,42,22
846,2019.02.16,13,"1,596,884,395원",69,"50,143,713원",1997,"1,732,557원",106009,"50,000원",1797728,"5,000원",5,18,30,41,43,45,13
845,2019.02.09,11,"1,891,217,182원",56,"61,914,849원",2038,"1,701,292원",105790,"50,000원",1782933,"5,000원",1,16,29,33,40,45,6
844,2019.02.02,18,"1,162,963,542원",73,"47,793,023원",2406,"1,450,080원",120078,"50,000원",1997556,"5,000원",7,8,13,15,33,45,18
843,2019.01.26,5,"4,012,970,100원",52,"64,310,419원",2002,"1,670,401원",105717,"50,000원",1777953,"5,000원",19,21,30,33,34,42,4
842,2019.01.19,10,"2,035,475,025원",42,"80,772,819원",2039,"1,663,786원",103190,"50,000원",1735911,"5,000원",14,26,32,36,39,42,38
841,2019.01.12,17,"1,116,095,714원",88,"35,934,900원",2490,"1,269,989원",119648,"50,000원",1901965,"5,000원",5,11,14,30,33,38,24
840,2019.01.05,10,"2,042,961,788원",51,"66,763,458원",2275,"1,496,676원",110586,"50,000원",1852019,"5,000원",2,4,11,28,29,43,27
839,2018.12.29,13,"1,359,454,904원",48,"61,364,284원",2664,"1,105,663원",126227,"50,000원",1946924,"5,000원",3,9,11,12,13,19,35
838,2018.12.22,5,"3,813,733,050원",68,"46,736,925원",2220,"1,431,582원",107897,"50,000원",1777501,"5,000원",9,14,17,33,36,38,20
837,2018.12.15,6,"3,144,449,125원",47,"66,903,173원",2012,"1,562,848원",97334,"50,000원",1656959,"5,000원",2,25,28,30,33,45,6
836,2018.12.08,14,"1,257,843,670원",62,"47,338,203원",2230,"1,316,130원",103846,"50,000원",1719260,"5,000원",1,9,11,14,26,28,19
835,2018.12.01,15,"1,233,681,125원",58,"53,175,911원",2306,"1,337,469원",106763,"50,000원",1767089,"5,000원",9,10,13,28,38,45,35
834,2018.11.24,11,"1,690,693,671원",47,"65,949,044원",1967,"1,575,804원",99132,"50,000원",1643491,"5,000원",6,8,18,35,42,43,3
833,2018.11.17,8,"2,356,317,282원",53,"59,278,423원",1945,"1,615,299원",103152,"50,000원",1715510,"5,000원",12,18,30,39,41,42,19
832,2018.11.10,9,"2,088,204,584원",60,"52,205,115원",2137,"1,465,750원",102312,"50,000원",1706379,"5,000원",13,14,19,26,40,43,30
831,2018.11.03,16,"1,110,702,258원",61,"48,555,290원",2660,"1,113,486원",117332,"50,000원",1849959,"5,000원",3,10,16,19,31,39,9
830,2018.10.27,9,"2,060,528,750원",80,"38,634,915원",2142,"1,442,948원",106206,"50,000원",1764071,"5,000원",5,6,16,18,37,38,17
829,2018.10.20,8,"2,444,650,641원",45,"72,434,094원",1837,"1,774,379원",94679,"50,000원",1637836,"5,000원",4,5,31,35,43,45,29
828,2018.10.13,13,"1,455,185,972원",62,"50,853,274원",1968,"1,602,085원",100644,"50,000원",1704198,"5,000원",4,7,13,29,31,39,18
827,2018.10.06,15,"1,206,500,375원",46,"65,570,673원",2113,"1,427,474원",106164,"50,000원",1761371,"5,000원",5,11,12,29,33,44,14
826,2018.09.29,9,"2,075,192,084원",47,"66,229,535원",2232,"1,394,619원",108626,"50,000원",1755153,"5,000원",13,16,24,25,33,36,42
825,2018.09.22,12,"1,658,710,563원",53,"62,592,852원",2249,"1,475,065원",113070,"50,000원",1850484,"5,000원",8,15,21,31,33,38,42
824,2018.09.15,15,"1,256,646,550원",51,"61,600,322원",2106,"1,491,746원",105359,"50,000원",1745566,"5,000원",7,9,24,29,34,38,26
823,2018.09.08,9,"2,009,843,917원",61,"49,422,392원",2348,"1,283,972원",112065,"50,000원",1795737,"5,000원",12,18,24,26,39,40,15
822,2018.09.01,3,"5,930,898,625원",79,"37,537,334원",2153,"1,377,357원",108789,"50,000원",1735565,"5,000원",9,18,20,24,27,36,12
821,2018.08.25,14,"1,316,155,956원",55,"55,836,920원",2100,"1,462,396원",101082,"50,000원",1687355,"5,000원",1,12,13,24,29,44,16
820,2018.08.18,4,"4,627,313,532원",60,"51,414,595원",1987,"1,552,530원",99433,"50,000원",1644326,"5,000원",10,21,22,30,35,42,6
819,2018.08.11,7,"2,594,534,840원",49,"61,774,640원",1981,"1,527,995원",97667,"50,000원",1638089,"5,000원",16,25,33,38,40,45,15
818,2018.08.04,13,"1,380,804,318원",39,"76,711,351원",1845,"1,621,541원",90205,"50,000원",1490497,"5,000원",14,15,25,28,29,30,3
817,2018.07.28,9,"1,868,477,334원",54,"51,902,149원",2068,"1,355,279원",105276,"50,000원",1718171,"5,000원",3,9,12,13,25,43,34
816,2018.07.21,8,"2,128,107,938원",67,"42,350,407원",2064,"1,374,747원",102402,"50,000원",1675799,"5,000원",12,18,19,29,31,39,7
815,2018.07.14,7,"2,579,855,358원",39,"77,175,161원",1703,"1,767,371원",92977,"50,000원",1596140,"5,000원",17,21,25,26,27,36,4
814,2018.07.07,6,"3,067,192,063원",52,"58,984,463원",1833,"1,673,319원",93837,"50,000원",1585777,"5,000원",2,21,28,38,42,45,30
813,2018.06.30,4,"4,591,763,157원",43,"71,190,127원",1800,"1,700,654원",89323,"50,000원",1548384,"5,000원",11,30,34,35,42,44,27
812,2018.06.23,6,"2,947,954,750원",68,"43,352,276원",1976,"1,491,880원",100498,"50,000원",1693074,"5,000원",1,3,12,14,16,43,10
811,2018.06.16,7,"2,524,148,197원",49,"60,098,767원",2151,"1,369,057원",104155,"50,000원",1703788,"5,000원",8,11,19,21,36,45,25
810,2018.06.09,8,"2,231,598,047원",64,"46,491,626원",2053,"1,449,325원",100608,"50,000원",1672013,"5,000원",5,10,13,21,39,43,11
809,2018.06.02,6,"2,921,372,750원",56,"52,167,371원",2179,"1,340,695원",104350,"50,000원",1703714,"5,000원",6,11,15,17,23,40,39
808,2018.05.26,6,"3,087,620,500원",46,"67,122,185원",1962,"1,573,711원",95319,"50,000원",1597761,"5,000원",15,21,31,32,41,43,24
807,2018.05.19,7,"2,437,662,322원",59,"48,202,363원",2319,"1,226,365원",108300,"50,000원",1749855,"5,000원",6,10,18,25,34,35,33
806,2018.05.12,7,"2,640,760,875원",57,"54,050,662원",1850,"1,665,345원",91180,"50,000원",1561838,"5,000원",14,20,23,31,37,38,27
805,2018.05.05,4,"4,266,061,969원",53,"53,661,157원",2075,"1,370,623원",105602,"50,000원",1700112,"5,000원",3,12,13,18,31,32,42
804,2018.04.28,11,"1,631,996,523원",49,"61,061,095원",2048,"1,460,935원",100907,"50,000원",1659443,"5,000원",1,10,13,26,32,36,9
803,2018.04.21,5,"3,663,810,225원",50,"61,063,504원",2094,"1,458,059원",102413,"50,000원",1657869,"5,000원",5,9,14,26,30,43,2
802,2018.04.14,16,"1,082,947,993원",67,"43,102,408원",2207,"1,308,501원",107980,"50,000원",1814300,"5,000원",10,11,12,18,24,42,27
801,2018.04.07,8,"2,256,786,657원",51,"59,000,959원",1999,"1,505,278원",97006,"50,000원",1618941,"5,000원",17,25,28,37,43,44,2
800,2018.03.31,11,"1,632,246,205원",51,"58,675,518원",2179,"1,373,315원",110956,"50,000원",1801924,"5,000원",1,4,10,12,28,45,26
799,2018.03.24,10,"1,826,427,225원",56,"54,357,954원",2242,"1,357,737원",107519,"50,000원",1725236,"5,000원",12,17,23,34,42,45,33
798,2018.03.17,7,"2,710,791,911원",60,"52,709,843원",2124,"1,488,979원",98988,"50,000원",1653851,"5,000원",2,10,14,22,32,36,41
797,2018.03.10,8,"2,397,028,125원",34,"94,001,103원",1868,"1,710,941원",97900,"50,000원",1641334,"5,000원",5,22,31,32,39,45,36
796,2018.03.03,7,"2,763,490,340원",46,"70,088,524원",1921,"1,678,331원",96701,"50,000원",1643069,"5,000원",1,21,26,36,40,41,5
795,2018.02.24,11,"1,714,977,000원",62,"50,711,686원",2423,"1,297,617원",111043,"50,000원",1825105,"5,000원",3,10,13,26,34,38,36
794,2018.02.17,7,"2,650,940,304원",45,"68,728,082원",2607,"1,186,331원",116809,"50,000원",1877646,"5,000원",6,7,18,19,30,38,13
793,2018.02.10,5,"3,750,146,775원",61,"51,231,514원",2043,"1,529,674원",98216,"50,000원",1635392,"5,000원",10,15,21,35,38,43,31
792,2018.02.03,7,"2,655,736,768원",65,"47,667,071원",1958,"1,582,411원",99185,"50,000원",1684675,"5,000원",2,7,19,25,29,36,16
791,2018.01.27,14,"1,253,081,893원",38,"76,943,625원",2410,"1,213,219원",102931,"50,000원",1713102,"5,000원",2,10,12,31,33,42,32
790,2018.01.20,16,"1,160,516,274원",59,"52,452,713원",2417,"1,280,394원",113336,"50,000원",1812992,"5,000원",3,8,19,27,30,41,12
789,2018.01.13,15,"1,140,976,825원",70,"40,749,173원",2437,"1,170,473원",118089,"50,000원",1868863,"5,000원",2,6,7,12,19,45,38
788,2018.01.06,13,"1,401,475,154원",70,"43,378,993원",2257,"1,345,384원",112504,"50,000원",1828701,"5,000원",2,10,11,19,35,39,29
787,2017.12.30,6,"3,092,108,313원",51,"60,629,575원",2339,"1,321,979원",114842,"50,000원",1863599,"5,000원",5,6,13,16,27,28,9
786,2017.12.23,4,"4,551,365,250원",96,"31,606,704원",2064,"1,470,080원",103000,"50,000원",1708226,"5,000원",12,15,16,20,24,30,38
785,2017.12.16,6,"2,886,622,688원",55,"52,484,049원",1972,"1,463,805원",100062,"50,000원",1678240,"5,000원",4,6,15,25,26,33,40
784,2017.12.09,9,"1,908,678,000원",51,"56,137,589원",2257,"1,268,506원",115089,"50,000원",1699421,"5,000원",3,10,23,24,31,39,22
783,2017.12.02,4,"4,603,964,625원",36,"85,258,605원",1869,"1,642,221원",90899,"50,000원",1532640,"5,000원",14,15,16,17,38,45,36
782,2017.11.25,9,"1,946,487,625원",49,"59,586,356원",2047,"1,426,347원",96821,"50,000원",1585617,"5,000원",6,18,31,34,38,45,20
781,2017.11.18,9,"1,882,891,542원",52,"54,314,180원",1967,"1,435,861원",102959,"50,000원",1699786,"5,000원",11,16,18,19,24,39,43
780,2017.11.11,11,"1,667,520,137원",45,"67,936,006원",1681,"1,818,632원",92630,"50,000원",1605516,"5,000원",15,17,19,21,27,45,16
779,2017.11.04,11,"1,527,709,296원",66,"42,436,370원",2503,"1,118,978원",114464,"50,000원",1751447,"5,000원",6,12,19,24,34,41,4
778,2017.10.28,3,"6,264,069,500원",67,"46,746,788원",1731,"1,809,379원",92126,"50,000원",1575045,"5,000원",6,21,35,36,37,41,11
777,2017.10.21,21,"833,468,036원",66,"44,199,063원",2413,"1,208,926원",111938,"50,000원",1766635,"5,000원",6,12,17,21,34,37,18
776,2017.10.14,7,"2,557,579,393원",50,"59,676,853원",2001,"1,491,176원",102081,"50,000원",1687650,"5,000원",8,9,18,21,28,40,20
775,2017.10.07,5,"3,470,437,650원",37,"78,163,011원",1719,"1,682,392원",91297,"50,000원",1539325,"5,000원",11,12,29,33,38,42,17
774,2017.09.30,11,"1,709,721,512원",60,"52,241,491원",1956,"1,602,500원",101524,"50,000원",1704279,"5,000원",12,15,18,28,34,42,9
773,2017.09.23,11,"1,609,403,080원",58,"50,871,937원",2094,"1,409,061원",104474,"50,000원",1690404,"5,000원",8,12,19,21,31,35,44
772,2017.09.16,10,"1,769,608,838원",53,"55,648,077원",2027,"1,455,032원",103023,"50,000원",1688350,"5,000원",5,6,11,14,21,41,32
771,2017.09.09,4,"4,362,644,907원",49,"59,355,714원",2054,"1,415,984원",102013,"50,000원",1680976,"5,000원",6,10,17,18,21,29,30
770,2017.09.02,8,"2,163,099,329원",75,"38,455,100원",2302,"1,252,882원",108450,"50,000원",1717526,"5,000원",1,9,12,23,39,43,34
769,2017.08.26,9,"1,930,760,042원",55,"52,657,093원",1962,"1,476,117원",99272,"50,000원",1660799,"5,000원",5,7,11,16,41,45,4
768,2017.08.19,13,"1,363,572,260원",53,"55,743,521원",1849,"1,597,841원",93126,"50,000원",1572387,"5,000원",7,27,29,30,38,44,4
767,2017.08.12,15,"1,163,768,725원",46,"63,248,301원",1905,"1,527,256원",92437,"50,000원",1549115,"5,000원",5,15,20,31,34,42,22
766,2017.08.05,8,"2,173,637,297원",41,"70,687,392원",1734,"1,671,386원",85422,"50,000원",1458764,"5,000원",9,30,34,35,39,41,21
765,2017.07.29,15,"1,109,214,250원",54,"51,352,512원",2121,"1,307,419원",101653,"50,000원",1643849,"5,000원",1,3,8,12,42,43,33
764,2017.07.22,7,"2,459,975,465원",44,"65,226,623원",1908,"1,504,178원",90896,"50,000원",1530979,"5,000원",7,22,24,31,34,36,15
763,2017.07.15,8,"2,138,130,000원",45,"63,352,000원",2019,"1,412,006원",94176,"50,000원",1562106,"5,000원",3,8,16,32,34,43,10
762,2017.07.08,10,"1,631,432,063원",53,"51,302,896원",2044,"1,330,261원",103406,"50,000원",1671344,"5,000원",1,3,12,21,26,41,16
761,2017.07.01,7,"2,392,730,518원",52,"53,683,057원",2139,"1,305,058원",101503,"50,000원",1660130,"5,000원",4,7,11,24,42,45,30
760,2017.06.24,8,"2,253,299,391원",45,"66,764,427원",1749,"1,717,782원",89221,"50,000원",1520831,"5,000원",10,22,27,31,42,43,12
759,2017.06.17,6,"3,032,670,500원",44,"68,924,330원",1761,"1,722,130원",88543,"50,000원",1525518,"5,000원",9,33,36,40,42,43,32
758,2017.06.10,8,"2,078,969,954원",63,"43,999,365원",2170,"1,277,401원",106121,"50,000원",1680080,"5,000원",5,9,12,30,39,43,24
757,2017.06.03,21,"739,839,858원",68,"38,079,993원",2657,"974,573원",117353,"50,000원",1788667,"5,000원",6,7,11,17,33,44,1
756,2017.05.27,5,"3,414,434,700원",53,"53,686,081원",1866,"1,524,846원",94800,"50,000원",1598715,"5,000원",10,14,16,18,27,28,4
755,2017.05.20,8,"2,214,427,266원",54,"54,677,217원",1845,"1,600,309원",89745,"50,000원",1508502,"5,000원",13,14,26,28,30,36,37
754,2017.05.13,5,"3,427,542,000원",50,"57,125,700원",1856,"1,538,947원",93279,"50,000원",1573739,"5,000원",2,8,17,24,29,31,32
753,2017.05.06,6,"2,711,105,063원",58,"46,743,191원",1934,"1,401,813원",97566,"50,000원",1578072,"5,000원",2,17,19,24,37,41,3
752,2017.04.29,9,"1,870,358,834원",75,"37,407,177원",2036,"1,377,966원",102477,"50,000원",1646451,"5,000원",4,16,20,33,40,43,7
751,2017.04.22,8,"2,097,968,110원",69,"40,540,447원",2210,"1,265,743원",102632,"50,000원",1651438,"5,000원",3,4,16,20,28,44,17
750,2017.04.15,7,"2,522,104,286원",44,"66,873,978원",1779,"1,653,994원",93135,"50,000원",1585532,"5,000원",1,2,15,19,24,36,12
749,2017.04.08,13,"1,350,104,395원",64,"45,706,660원",1985,"1,473,666원",95573,"50,000원",1589197,"5,000원",12,14,24,26,34,45,41
748,2017.04.01,9,"1,928,246,542원",59,"49,023,218원",1937,"1,493,222원",99448,"50,000원",1652756,"5,000원",3,10,13,22,31,32,29
747,2017.03.25,9,"1,903,214,584원",59,"48,386,812원",2217,"1,287,696원",105307,"50,000원",1713003,"5,000원",7,9,12,14,23,28,17
746,2017.03.18,9,"2,038,623,709원",58,"52,723,027원",1904,"1,606,059원",94197,"50,000원",1589291,"5,000원",3,12,33,36,42,45,25
745,2017.03.11,20,"746,822,982원",110,"22,631,000원",3692,"674,272원",141918,"50,000원",1955276,"5,000원",1,2,3,9,12,23,10
744,2017.03.04,15,"1,155,411,575원",61,"47,352,934원",2779,"1,039,414원",109229,"50,000원",1636793,"5,000원",10,15,18,21,34,41,43
743,2017.02.25,7,"2,608,641,000원",46,"66,161,185원",1982,"1,535,527원",91886,"50,000원",1555362,"5,000원",15,19,21,34,41,44,10
742,2017.02.18,16,"1,111,814,813원",44,"67,382,716원",1986,"1,492,870원",98348,"50,000원",1658556,"5,000원",8,10,13,36,37,40,6
741,2017.02.11,6,"3,043,595,938원",55,"55,338,108원",1829,"1,664,077원",95007,"50,000원",1619435,"5,000원",5,21,27,34,44,45,16
740,2017.02.04,18,"936,929,792원",43,"65,367,195원",2447,"1,148,668원",115722,"50,000원",1864169,"5,000원",4,8,9,16,17,19,31
739,2017.01.28,4,"4,744,122,282원",45,"70,283,294원",1942,"1,628,604원",101983,"50,000원",1719739,"5,000원",7,22,29,33,34,35,30
738,2017.01.21,11,"1,634,191,091원",48,"62,417,021원",1640,"1,826,840원",88050,"50,000원",1502685,"5,000원",23,27,28,38,42,43,36
737,2017.01.14,4,"4,283,061,000원",48,"59,486,959원",1937,"1,474,122원",94183,"50,000원",1567166,"5,000원",13,15,18,24,27,41,11
736,2017.01.07,5,"3,397,362,225원",54,"52,428,430원",2250,"1,258,283원",107357,"50,000원",1747634,"5,000원",2,11,17,18,21,27,6
735,2016.12.31,10,"1,847,231,588원",50,"61,574,387원",2269,"1,356,862원",107013,"50,000원",1752740,"5,000원",5,10,13,27,37,41,4
734,2016.12.24,9,"1,949,395,500원",36,"81,224,813원",1758,"1,663,307원",92514,"50,000원",1542069,"5,000원",6,16,37,38,41,45,18
733,2016.12.17,4,"4,016,725,125원",57,"46,979,242원",1966,"1,362,064원",101369,"50,000원",1633952,"5,000원",11,24,32,33,35,40,13
732,2016.12.10,7,"2,203,270,608원",45,"57,121,831원",2061,"1,247,202원",104583,"50,000원",1705993,"5,000원",2,4,5,17,27,32,43
731,2016.12.03,7,"2,340,471,054원",45,"60,678,880원",1908,"1,431,106원",96083,"50,000원",1594258,"5,000원",2,7,13,25,42,45,39
730,2016.11.26,8,"2,017,382,110원",45,"59,774,285원",1741,"1,544,999원",88791,"50,000원",1501752,"5,000원",4,10,14,15,18,22,39
729,2016.11.19,4,"4,198,250,719원",35,"79,966,681원",1875,"1,492,712원",89560,"50,000원",1504682,"5,000원",11,17,21,26,36,45,16
728,2016.11.12,5,"3,243,464,400원",56,"48,265,840원",1869,"1,446,168원",94693,"50,000원",1559062,"5,000원",3,6,10,30,34,37,36
727,2016.11.05,14,"1,115,107,742원",87,"29,907,105원",2064,"1,260,620원",99271,"50,000원",1600135,"5,000원",7,8,10,19,21,31,20
726,2016.10.29,14,"1,166,872,634원",56,"48,619,694원",2099,"1,297,143원",96718,"50,000원",1556425,"5,000원",1,11,21,23,34,44,24
725,2016.10.22,11,"1,579,217,250원",47,"61,600,673원",1795,"1,612,943원",88359,"50,000원",1504907,"5,000원",6,7,19,21,41,43,38
724,2016.10.15,12,"1,427,789,813원",55,"51,919,630원",1833,"1,557,873원",90083,"50,000원",1528970,"5,000원",2,8,33,35,37,41,14
723,2016.10.08,8,"2,114,365,360원",40,"70,478,846원",1777,"1,586,469원",85141,"50,000원",1412967,"5,000원",20,30,33,35,36,44,22
722,2016.10.01,4,"4,365,422,719원",46,"63,266,996원",1688,"1,724,101원",84912,"50,000원",1439078,"5,000원",12,14,21,30,39,43,45
721,2016.09.24,8,"2,273,767,360원",40,"75,792,246원",1607,"1,886,553원",84770,"50,000원",1464353,"5,000원",1,28,35,41,43,44,31
720,2016.09.17,14,"1,233,770,358원",37,"77,805,338원",1778,"1,619,122원",88260,"50,000원",1505233,"5,000원",1,12,29,34,36,37,41
719,2016.09.10,9,"1,879,581,334원",58,"48,609,863원",2020,"1,395,729원",99906,"50,000원",1627784,"5,000원",4,8,13,19,20,43,26
718,2016.09.03,17,"926,166,464원",64,"41,002,162원",2404,"1,091,572원",114614,"50,000원",1595315,"5,000원",4,11,20,23,32,39,40
717,2016.08.27,6,"2,702,433,688원",47,"57,498,590원",1974,"1,369,015원",96836,"50,000원",1567530,"5,000원",2,11,19,25,28,32,44
716,2016.08.20,12,"1,358,752,157원",35,"77,642,981원",1743,"1,559,096원",88628,"50,000원",1469730,"5,000원",2,6,13,16,29,30,21
715,2016.08.13,6,"2,605,510,438원",61,"42,713,286원",1873,"1,391,090원",90747,"50,000원",1503174,"5,000원",2,7,27,33,41,44,10
714,2016.08.06,7,"2,085,131,733원",46,"52,883,776원",2029,"1,198,943원",96576,"50,000원",1551993,"5,000원",1,7,22,33,37,40,20
713,2016.07.30,9,"1,714,720,917원",50,"51,441,628원",1791,"1,436,115원",87920,"50,000원",1470125,"5,000원",2,5,15,18,19,23,44
712,2016.07.23,4,"4,034,485,125원",47,"57,226,740원",1727,"1,557,416원",86066,"50,000원",1449521,"5,000원",17,20,30,31,33,45,19
711,2016.07.16,7,"2,277,413,358원",44,"60,385,961원",1865,"1,424,656원",89898,"50,000원",1465123,"5,000원",11,15,24,35,37,45,42
710,2016.07.09,5,"2,895,441,150원",57,"42,331,011원",1990,"1,212,497원",102058,"50,000원",1627229,"5,000원",3,4,9,24,25,33,10
709,2016.07.02,14,"1,165,271,625원",44,"61,794,708원",1696,"1,603,165원",82305,"50,000원",1385853,"5,000원",10,18,30,36,39,44,32
708,2016.06.25,4,"4,099,552,219원",52,"52,558,362원",1712,"1,596,399원",86091,"50,000원",1446865,"5,000원",2,10,16,19,34,45,1
707,2016.06.18,12,"1,322,167,313원",74,"35,734,252원",2006,"1,318,213원",94281,"50,000원",1507647,"5,000원",2,12,19,24,39,44,35
706,2016.06.11,4,"3,831,746,063원",51,"50,088,184원",2108,"1,211,811원",95376,"50,000원",1531393,"5,000원",3,4,6,10,28,30,37
705,2016.06.04,4,"3,987,206,532원",49,"54,247,708원",1805,"1,472,653원",87931,"50,000원",1453654,"5,000원",1,6,17,22,28,45,23
704,2016.05.28,4,"3,865,190,344원",47,"54,825,395원",1906,"1,351,938원",95021,"50,000원",1519932,"5,000원",1,4,8,23,33,42,45
703,2016.05.21,5,"3,235,784,100원",51,"52,872,290원",1719,"1,568,637원",84194,"50,000원",1416580,"5,000원",10,28,31,33,41,44,21
702,2016.05.14,11,"1,465,091,387원",46,"58,391,324원",1819,"1,476,636원",88043,"50,000원",1443954,"5,000원",3,13,16,24,26,29,9
701,2016.05.07,10,"1,583,183,175원",40,"65,965,966원",1659,"1,590,500원",81917,"50,000원",1404422,"5,000원",3,10,14,16,36,38,35
700,2016.04.30,8,"2,082,099,188원",41,"67,710,543원",1562,"1,777,294원",82874,"50,000원",1414076,"5,000원",11,23,28,29,30,44,13
699,2016.04.23,8,"1,995,411,375원",50,"53,210,970원",1799,"1,478,905원",90504,"50,000원",1512397,"5,000원",4,5,8,16,21,29,3
698,2016.04.16,8,"1,921,084,125원",48,"53,363,448원",2088,"1,226,746원",97965,"50,000원",1550364,"5,000원",3,11,13,21,33,37,18
697,2016.04.09,10,"1,531,443,038원",90,"28,360,057원",1940,"1,315,673원",99698,"50,000원",1615786,"5,000원",2,5,8,11,33,39,31
696,2016.04.02,10,"1,632,054,413원",44,"61,820,243원",1721,"1,580,530원",90020,"50,000원",1501952,"5,000원",1,7,16,18,34,38,21
695,2016.03.26,11,"1,450,214,830원",66,"40,283,746원",1979,"1,343,471원",95436,"50,000원",1558885,"5,000원",4,18,26,33,34,38,14
694,2016.03.19,10,"1,555,036,388원",78,"33,227,274원",2286,"1,133,739원",102474,"50,000원",1581822,"5,000원",7,15,20,25,33,43,12
693,2016.03.12,10,"1,642,763,813원",43,"63,673,016원",1692,"1,618,168원",87017,"50,000원",1484420,"5,000원",1,6,11,28,34,42,30
692,2016.03.05,7,"2,301,273,697원",44,"61,018,621원",1770,"1,516,848원",87763,"50,000원",1465709,"5,000원",3,11,14,15,32,36,44
691,2016.02.27,6,"2,839,296,750원",31,"91,590,218원",1708,"1,662,352원",86063,"50,000원",1455528,"5,000원",15,27,33,35,43,45,16
690,2016.02.20,15,"1,126,507,625원",34,"82,831,444원",1772,"1,589,317원",87970,"50,000원",1528472,"5,000원",24,25,33,34,38,39,43
689,2016.02.13,7,"2,321,775,911원",44,"61,562,241원",1809,"1,497,368원",90296,"50,000원",1509073,"5,000원",7,17,19,30,36,38,34
688,2016.02.06,9,"1,967,536,750원",53,"55,685,003원",2107,"1,400,715원",97676,"50,000원",1610713,"5,000원",5,15,22,23,34,35,2
687,2016.01.30,6,"2,720,029,313원",38,"71,579,719원",1780,"1,528,107원",91404,"50,000원",1538380,"5,000원",1,8,10,13,28,42,45
686,2016.01.23,8,"1,937,531,719원",36,"71,760,435원",1863,"1,386,676원",91027,"50,000원",1483730,"5,000원",7,12,15,24,25,43,13
685,2016.01.16,11,"1,494,367,671원",52,"52,686,040원",1910,"1,434,385원",95302,"50,000원",1576169,"5,000원",6,7,12,28,38,40,18
684,2016.01.09,9,"1,688,815,709원",62,"40,858,445원",1968,"1,287,208원",98607,"50,000원",1623161,"5,000원",1,11,15,17,25,39,40
683,2016.01.02,16,"1,010,930,883원",45,"59,907,016원",2704,"996,974원",117974,"50,000원",1700964,"5,000원",6,13,20,27,28,40,15
682,2015.12.26,4,"4,063,713,563원",56,"48,377,543원",1851,"1,463,611원",87618,"50,000원",1464978,"5,000원",17,23,27,35,38,43,2
681,2015.12.19,6,"2,696,328,938원",37,"72,873,756원",1441,"1,871,152원",73062,"50,000원",1282079,"5,000원",21,24,27,29,43,44,7
680,2015.12.12,14,"1,110,570,563원",44,"58,893,894원",1870,"1,385,739원",86441,"50,000원",1413980,"5,000원",4,10,19,29,32,42,30
679,2015.12.05,5,"2,863,005,600원",54,"44,182,186원",1829,"1,304,450원",91171,"50,000원",1493041,"5,000원",3,5,7,14,26,34,35
678,2015.11.28,6,"2,288,490,188원",41,"55,816,834원",1855,"1,233,688원",93305,"50,000원",1494095,"5,000원",4,5,6,12,25,37,45
677,2015.11.21,8,"1,921,114,407원",37,"69,229,348원",1701,"1,505,871원",79827,"50,000원",1330115,"5,000원",12,15,24,36,41,44,42
676,2015.11.14,8,"1,879,726,500원",63,"39,782,572원",1665,"1,505,287원",83276,"50,000원",1371921,"5,000원",1,8,17,34,39,45,27
675,2015.11.07,4,"3,514,549,032원",65,"36,046,657원",1806,"1,297,361원",88118,"50,000원",1415830,"5,000원",1,8,11,15,18,45,7
674,2015.10.31,8,"1,770,565,500원",48,"49,182,375원",1846,"1,278,849원",89646,"50,000원",1465031,"5,000원",9,10,14,25,27,31,11
673,2015.10.24,10,"1,491,453,300원",35,"71,021,586원",1864,"1,333,560원",88838,"50,000원",1450769,"5,000원",7,10,17,29,33,44,5
672,2015.10.17,9,"1,754,745,000원",46,"57,219,946원",1629,"1,615,788원",80167,"50,000원",1341175,"5,000원",8,21,28,31,36,45,43
671,2015.10.10,4,"3,722,322,844원",48,"51,698,929원",1778,"1,395,697원",90364,"50,000원",1519963,"5,000원",7,9,10,13,31,35,24
670,2015.10.03,12,"1,191,725,219원",39,"61,114,114원",2145,"1,111,166원",92680,"50,000원",1483948,"5,000원",11,18,26,27,40,41,25
669,2015.09.26,6,"2,708,173,188원",52,"52,080,254원",1949,"1,389,520원",93078,"50,000원",1531364,"5,000원",7,8,20,29,33,38,9
668,2015.09.19,5,"2,991,158,625원",56,"44,511,290원",1873,"1,330,824원",89414,"50,000원",1452289,"5,000원",12,14,15,24,27,32,3
667,2015.09.12,7,"2,228,764,393원",40,"65,005,629원",1543,"1,685,176원",81344,"50,000원",1368363,"5,000원",15,17,25,37,42,43,13
666,2015.09.05,6,"2,396,901,063원",47,"50,997,895원",1947,"1,231,074원",93631,"50,000원",1493940,"5,000원",2,4,6,11,17,28,16
665,2015.08.29,4,"3,643,230,375원",30,"80,960,675원",1790,"1,356,883원",87227,"50,000원",1430205,"5,000원",5,6,11,17,38,44,13
664,2015.08.22,10,"1,536,801,338원",44,"58,212,172원",1530,"1,674,076원",77395,"50,000원",1320082,"5,000원",10,20,33,36,41,44,5
663,2015.08.15,7,"2,080,244,143원",60,"40,449,192원",1627,"1,491,673원",84092,"50,000원",1386028,"5,000원",3,5,8,19,38,42,20
662,2015.08.08,8,"1,689,733,688원",43,"52,394,844원",1787,"1,260,761원",88493,"50,000원",1426759,"5,000원",5,6,9,11,15,37,26
661,2015.08.01,8,"1,713,025,547원",63,"36,254,509원",1830,"1,248,107원",87840,"50,000원",1426883,"5,000원",2,3,12,20,27,38,40
660,2015.07.25,10,"1,421,272,575원",48,"49,349,743원",1951,"1,214,141원",88247,"50,000원",1408802,"5,000원",4,9,23,33,39,44,14
659,2015.07.18,11,"1,336,604,216원",40,"61,261,027원",1765,"1,388,352원",85028,"50,000원",1396789,"5,000원",7,18,19,27,29,42,45
658,2015.07.11,9,"1,634,031,375원",38,"64,501,239원",1678,"1,460,696원",82738,"50,000원",1364069,"5,000원",8,19,25,28,32,36,37
657,2015.07.04,9,"1,694,762,792원",52,"48,887,389원",1562,"1,627,494원",78396,"50,000원",1325593,"5,000원",10,14,19,39,40,43,23
656,2015.06.27,2,"7,330,002,750원",48,"50,902,797원",1747,"1,398,589원",83772,"50,000원",1385757,"5,000원",3,7,14,16,31,40,39
655,2015.06.20,9,"1,661,439,625원",41,"60,784,377원",1610,"1,547,926원",77437,"50,000원",1281655,"5,000원",7,37,38,39,40,44,18
654,2015.06.13,8,"1,879,301,391원",69,"36,315,003원",1787,"1,402,203원",77788,"50,000원",1282725,"5,000원",16,21,26,31,36,43,6
653,2015.06.06,14,"980,958,670원",56,"40,873,278원",1997,"1,146,172원",88995,"50,000원",1419408,"5,000원",5,6,26,27,38,39,1
652,2015.05.30,5,"3,003,483,525원",36,"69,525,082원",1504,"1,664,165원",75739,"50,000원",1280663,"5,000원",3,13,15,40,41,44,20
651,2015.05.23,8,"1,855,306,454원",35,"70,678,342원",1684,"1,468,968원",82567,"50,000원",1365832,"5,000원",11,12,16,26,29,44,18
650,2015.05.16,5,"2,849,298,900원",45,"52,764,795원",1814,"1,308,940원",87030,"50,000원",1429743,"5,000원",3,4,7,11,31,41,35
649,2015.05.09,5,"2,948,042,100원",45,"54,593,373원",1689,"1,454,531원",80347,"50,000원",1313125,"5,000원",3,21,22,33,41,42,20
648,2015.05.02,7,"2,120,987,947원",45,"54,988,577원",1631,"1,517,159원",80986,"50,000원",1318403,"5,000원",13,19,28,37,38,43,4
647,2015.04.25,7,"2,189,725,608원",44,"58,060,907원",1596,"1,600,677원",79202,"50,000원",1351926,"5,000원",5,16,21,23,24,30,29
646,2015.04.18,7,"2,215,498,393원",36,"71,798,560원",1522,"1,698,258원",77400,"50,000원",1321212,"5,000원",2,9,24,41,43,45,30
645,2015.04.11,4,"3,696,297,750원",28,"88,007,090원",1766,"1,395,356원",87873,"50,000원",1444728,"5,000원",1,4,16,26,40,41,31
644,2015.04.04,8,"1,831,451,204원",49,"49,835,407원",1879,"1,299,593원",87582,"50,000원",1401744,"5,000원",5,13,17,23,28,36,8
643,2015.03.28,6,"2,535,763,625원",43,"58,971,248원",1525,"1,662,796원",84656,"50,000원",1407225,"5,000원",15,24,31,32,33,40,13
642,2015.03.21,12,"1,251,460,438원",62,"40,369,692원",1815,"1,379,020원",88406,"50,000원",1465689,"5,000원",8,17,18,24,39,45,32
641,2015.03.14,8,"1,990,074,563원",50,"53,068,655원",1565,"1,695,485원",79145,"50,000원",1340371,"5,000원",11,18,21,36,37,43,12
640,2015.03.07,9,"1,728,768,834원",48,"54,024,027원",1639,"1,582,156원",85410,"50,000원",1404905,"5,000원",14,15,18,21,26,35,23
639,2015.02.28,4,"4,061,185,219원",45,"60,165,707원",1628,"1,663,058원",84861,"50,000원",1439719,"5,000원",6,15,22,23,25,32,40
638,2015.02.21,7,"2,229,403,179원",41,"63,438,302원",1719,"1,513,072원",84781,"50,000원",1422596,"5,000원",7,18,22,24,31,34,6
637,2015.02.14,4,"3,899,241,094원",45,"57,766,535원",1637,"1,587,963원",82147,"50,000원",1369826,"5,000원",3,16,22,37,38,44,23
636,2015.02.07,8,"1,832,362,219원",44,"55,526,128원",1973,"1,238,292원",90830,"50,000원",1461300,"5,000원",6,7,15,16,20,31,26
635,2015.01.31,8,"1,855,587,235원",35,"70,689,038원",1650,"1,499,465원",85675,"50,000원",1427626,"5,000원",11,13,25,26,29,33,32
634,2015.01.24,13,"1,077,935,106원",54,"43,250,483원",2208,"1,057,757원",101514,"50,000원",1562975,"5,000원",4,10,11,12,20,27,38
633,2015.01.17,12,"1,217,257,094원",47,"51,798,175원",1789,"1,360,825원",87613,"50,000원",1430227,"5,000원",9,12,19,20,39,41,13
632,2015.01.10,11,"1,432,587,716원",52,"50,507,901원",1645,"1,596,603원",78418,"50,000원",1320223,"5,000원",15,18,21,32,35,44,6
631,2015.01.03,4,"3,919,853,532원",46,"56,809,472원",1676,"1,559,210원",85710,"50,000원",1491785,"5,000원",1,2,4,23,31,34,8
630,2014.12.27,3,"4,836,305,500원",48,"50,378,183원",1631,"1,482,620원",84380,"50,000원",1420745,"5,000원",8,17,21,24,27,31,15
629,2014.12.20,5,"2,919,433,575원",34,"71,554,745원",1321,"1,841,682원",68554,"50,000원",1183752,"5,000원",19,28,31,38,43,44,1
628,2014.12.13,9,"1,499,942,875원",37,"60,808,495원",1628,"1,382,012원",80147,"50,000원",1323978,"5,000원",1,7,12,15,23,42,11
627,2014.12.06,10,"1,352,230,650원",35,"64,391,936원",1532,"1,471,096원",74824,"50,000원",1243945,"5,000원",2,9,22,25,31,45,12
626,2014.11.29,8,"1,717,871,110원",45,"50,899,885원",1766,"1,296,996원",86261,"50,000원",1371217,"5,000원",13,14,26,33,40,43,15
625,2014.11.22,5,"2,765,184,675원",45,"51,207,124원",1654,"1,393,181원",82014,"50,000원",1354445,"5,000원",3,6,7,20,21,39,13
624,2014.11.15,5,"2,763,729,450원",61,"37,755,867원",1574,"1,463,220원",78840,"50,000원",1309900,"5,000원",1,7,19,26,27,35,16
623,2014.11.08,8,"1,813,702,594원",35,"69,093,433원",1456,"1,660,900원",73522,"50,000원",1245962,"5,000원",7,13,30,39,41,45,25
622,2014.11.01,9,"1,630,598,292원",34,"71,938,160원",1629,"1,501,472원",77626,"50,000원",1270437,"5,000원",9,15,16,21,28,34,24
621,2014.10.25,6,"2,359,723,500원",62,"38,060,057원",1555,"1,517,508원",82843,"50,000원",1336734,"5,000원",1,2,6,16,19,42,9
620,2014.10.18,7,"2,028,283,233원",44,"53,780,238원",1661,"1,424,643원",78155,"50,000원",1266599,"5,000원",2,16,17,32,39,45,40
619,2014.10.11,3,"4,612,479,375원",59,"39,088,809원",1712,"1,347,103원",83710,"50,000원",1355209,"5,000원",6,8,13,30,35,40,21
618,2014.10.04,5,"2,881,326,225원",45,"53,357,894원",1581,"1,518,726원",75243,"50,000원",1260882,"5,000원",8,16,25,30,42,43,15
617,2014.09.27,8,"1,629,701,860원",43,"50,533,391원",1993,"1,090,284원",93731,"50,000원",1481805,"5,000원",4,5,11,12,24,27,28
616,2014.09.20,9,"1,611,811,250원",49,"49,341,161원",1700,"1,422,187원",81118,"50,000원",1350809,"5,000원",5,13,18,23,40,45,3
615,2014.09.13,9,"1,535,062,417원",31,"74,277,214원",1670,"1,378,799원",83981,"50,000원",1383278,"5,000원",10,17,18,19,23,27,35
614,2014.09.06,6,"2,540,975,438원",46,"55,238,597원",1523,"1,668,402원",80393,"50,000원",1360707,"5,000원",8,21,25,39,40,44,18
613,2014.08.30,9,"1,549,831,209원",30,"77,491,561원",1538,"1,511,539원",77945,"50,000원",1299580,"5,000원",7,8,11,16,41,44,35
612,2014.08.23,11,"1,181,705,250원",59,"36,719,655원",1833,"1,181,921원",86228,"50,000원",1364516,"5,000원",6,9,18,19,25,33,40
611,2014.08.16,4,"3,502,706,157원",47,"49,683,776원",1486,"1,571,425원",74589,"50,000원",1258998,"5,000원",2,22,27,33,36,37,14
610,2014.08.09,4,"3,516,018,375원",34,"68,941,537원",1398,"1,676,690원",71718,"50,000원",1218676,"5,000원",14,18,20,23,28,36,33
609,2014.08.02,2,"6,339,311,438원",47,"44,959,656원",1621,"1,303,581원",80472,"50,000원",1300134,"5,000원",4,8,27,34,39,40,13
608,2014.07.26,7,"1,943,530,018원",32,"70,857,866원",1516,"1,495,681원",74353,"50,000원",1243159,"5,000원",4,8,18,19,39,44,41
607,2014.07.19,4,"3,494,480,907원",35,"66,561,542원",1448,"1,608,878원",73277,"50,000원",1220405,"5,000원",8,14,23,36,38,39,13
606,2014.07.12,10,"1,311,566,850원",44,"49,680,563원",1542,"1,417,604원",82879,"50,000원",1366588,"5,000원",1,5,6,14,20,39,22
605,2014.07.05,9,"1,394,232,250원",40,"52,283,710원",2286,"914,851원",92980,"50,000원",1386335,"5,000원",1,2,7,9,10,38,42
604,2014.06.28,11,"1,229,141,557원",36,"62,595,172원",1451,"1,553,016원",75476,"50,000원",1266398,"5,000원",2,6,18,21,33,34,30
603,2014.06.21,4,"3,452,136,563원",30,"76,714,146원",1363,"1,688,500원",71799,"50,000원",1227396,"5,000원",2,19,25,26,27,43,28
602,2014.06.14,8,"1,689,530,860원",42,"53,635,901원",1675,"1,344,901원",77026,"50,000원",1251693,"5,000원",13,14,22,27,30,38,2
601,2014.06.07,9,"1,524,565,209원",28,"81,673,137원",1516,"1,508,475원",72233,"50,000원",1205559,"5,000원",2,16,19,31,34,35,37
